제시어,헤드라인,주요내용,발표일,출처(URL),중요도,대상 국가,점수,비고
관세,"‘美 상호관세 무효화’ 불똥, K배터리·전력 장비로 튀나 - 조선일보","‘美 상호관세 무효화’ 불똥, K배터리·전력 장비로 튀나&nbsp;&nbsp;조선일보","Tue, 24 Feb 2026 06:29:35 GMT",https://news.google.com/rss/articles/CBMingFBVV95cUxNQVhTS2ZmQjg0SURHUEc5ZzlpbUxlUkt4eHNCTzFxYVdOT3RVRTlQclh4V0lLcktBVk9FU0Vhc0pKbnRqUGJvM2JuZEhhXy1RM0J4c0RoVUFSWFZFVU9iLXdhbW1SOTF6WTVOU3pIcUdpX1ZaZ2F4WnFHekNydmpOSTdpSEFSZG5ibUtkYnc5Njh3Z21ubk9fR2MtX3pLZ9IBsgFBVV95cUxQLXM1czZRODNJS2FnY3MzZ3dTS1VuSWN1SHlCZG9TYmQzOWl3Sk91NHJVSkZjYmZWbUtzSWxvSG1NVjMxRWRCTW9yaTNCMmNSUzJ3NzVzcnUzUDNvVDhBWDRLd0lkdmJtQ0ROb1hWWE14RGJoaUkwQklVS2tGd0RwRGhtd0Fkb3Q0bERieFA5S2hoN1g5SE1fZEJURlFZcTlXZ3FUN2ZRQ2RfcGVmZVpRYkVB?oc=5,하,,5,
관세,"트럼프 “대법 결정 갖고 장난치는 국가, 훨씬 더 높은 관세 부과” - 한겨레","트럼프 “대법 결정 갖고 장난치는 국가, 훨씬 더 높은 관세 부과”&nbsp;&nbsp;한겨레‘위법 상호관세 대체’ 트럼프의 새 글로벌 관세 발효…일단 10%&nbsp;&nbsp;KBS 뉴스강경화 ""미국 새 관세, 국익에 가장 부합하는 방법으로 대응""&nbsp;&nbsp;이투데이","Tue, 24 Feb 2026 06:34:00 GMT",https://news.google.com/rss/articles/CBMib0FVX3lxTE5OOE5scE1pUUtDazYzUzg3aGo1MmZfWFBJaFZ0Smp3ZnZLcjRFMVB2QWNmNnIwVTY1blRNVXQwMm4wenBWNU1MSmltWm9qd05UOUFJczI0cERJa0VsdFdrckVwME9iTHRKaWx2ZkM5UQ?oc=5,하,,5,
관세,"이베이 ""작년 韓셀러 미국 배송 58%↑""…관세 부담에도 급성장 - 연합뉴스","이베이 ""작년 韓셀러 미국 배송 58%↑""…관세 부담에도 급성장&nbsp;&nbsp;연합뉴스","Tue, 24 Feb 2026 23:44:21 GMT",https://news.google.com/rss/articles/CBMiW0FVX3lxTE9TS0hpSDhPMHpGTUcyN0ozNC01eVRfeE1uWWhheDB3b1BGMTJIa2JpSnRNdVE0V2lQRG5fRldfa0V0bVA4dHM2WjBTdnpzSzVfRlJsRHA0RzVFd2PSAWBBVV95cUxQVzE1UnpNU1U5emNVTzdkeTFST2tKOVBHVDlTaUtHT3NYeUljRXpJTnFkRURmaUtOdlRXNnlIODVpWUxjU3ZObEFOYktlMGV5VXRQOXNmMm1jazZwblR4V1k?oc=5,하,,5,
관세,"삼정KPMG ""IEEPA 관세 위법, 환급 등 점검해야"" - 아시아경제","삼정KPMG ""IEEPA 관세 위법, 환급 등 점검해야""&nbsp;&nbsp;아시아경제","Tue, 24 Feb 2026 23:29:00 GMT",https://news.google.com/rss/articles/CBMiYEFVX3lxTE0wa0steno0Vzd2ZnNQNWhSLV9LRjcyR1IzMG85ZUZkejdSa09MX2gwMVdyVzNUSG83Zng3ZDZyVU5kaW9FN3lPSHpEZ1c3QXlXSU1qU2pBZklxTjN0Wml3Sg?oc=5,중,,11,
관세,"[속보] ""트럼프 122조 관세, 10%로 개시…15% 인상은 추후에"" NBC - 뉴시스","[속보] ""트럼프 122조 관세, 10%로 개시…15% 인상은 추후에"" NBC&nbsp;&nbsp;뉴시스","Tue, 24 Feb 2026 05:19:57 GMT",https://news.google.com/rss/articles/CBMiYEFVX3lxTE9TM09udW5zS1R6d3hLWXc4dFJQa2Z4WG1KVzc2Q29sNlZaOHVfRkNhc0FSMDJnZ3laS194UWphLVNiZ1hQS2FSRmdnR29wRFNHMHE0QngxTFptTWl6eFl0M9IBeEFVX3lxTE9WYWdtYnc5M2lkZENldDlOSDNtWkJSRVFFME9rSmlaM092QngyVGhMaDg5NXN1Z3ZPa0tObkk2UXBzVXVhcEFyeW9LbUFVbFlrWTJ1bXBmMXlIMHNELXZBZjJzYzQ2Y0JQVmw1Ml9kRTVPbDZaR3NYNg?oc=5,하,,5,
관세,"크루그먼 ""트럼프 관세, 목표 달성 실패…'좀비 관세'로 연명"" - 마켓인","크루그먼 ""트럼프 관세, 목표 달성 실패…'좀비 관세'로 연명""&nbsp;&nbsp;마켓인","Wed, 25 Feb 2026 00:35:42 GMT",https://news.google.com/rss/articles/CBMic0FVX3lxTE8tWHhIMTQ0ZGYxVFFQTW8wRHlxanFWU09TMFpMVVJKSnlLRWd5NWVRSWVzTDIzNHY3a0RScm9vcUo1LTJhRlZaajhrQ2xhb2VpeHduQk0wd1ktLW95c1QzR2JFdGpXRmxkVk16QzI3OEFZU1k?oc=5,하,,5,
관세,관세 전쟁 재점화?… 금은 오르고 비트코인은 더 떨어져 - 조선일보,관세 전쟁 재점화?… 금은 오르고 비트코인은 더 떨어져&nbsp;&nbsp;조선일보,"Tue, 24 Feb 2026 15:35:00 GMT",https://news.google.com/rss/articles/CBMigAFBVV95cUxPb1NVSTZLUU1ISl9FdkNhV3F6andHb3dpQUdzZDFQRFpaVmptNWpQblFFMVVlNEVtdEQ0dThrbHo3alVKODV1d216SjBnSFYwVWluZVVsMGl3aFZuX09mQVpaT1VKLVpZR2hvSE83dXlzSDlwbGhrT1k3UnJlOEgzUdIBlAFBVV95cUxNMVA1em42cG91OC16M1ZDejBYVUlONkdXSkZ6LWxPZllQYXIwZWVmMWZvczFoRlhyRlNKdEVFek1RZWlKbnQxVzZ4Zmd2NHJ5aUJjY2hzdjR5YmdVLUowM2MtNmgwc0FDcV90Y2xpdUg2cVBtTEwzcnZFZWtGUzUyU21SSnQyRksyTzZaNEhXdnFVX0p1?oc=5,하,,5,
관세,관세 영향·중동 긴장에 비트코인 약세 흐름 - 부산일보사,관세 영향·중동 긴장에 비트코인 약세 흐름&nbsp;&nbsp;부산일보사,"Wed, 25 Feb 2026 00:07:08 GMT",https://news.google.com/rss/articles/CBMidEFVX3lxTE9JS043THlBZ3VVYkZ5bmI4cW9Fd0RKNUJoajZfNXR0WFd1QmpOZFNUR2tERkVzZ1l6UE92WWRZMV9BYUdRNkFMNlBldGcyS2ZkS2ZzVEkzcE9oY3UxNjVMUVYtUldXbUQtOWVlajVmZGlpUkZY?oc=5,하,,5,
관세,"미국, 인도·인도네시아 태양광 발전 기기에 고율 관세 부과 - v.daum.net","미국, 인도·인도네시아 태양광 발전 기기에 고율 관세 부과&nbsp;&nbsp;v.daum.net","Wed, 25 Feb 2026 00:54:46 GMT",https://news.google.com/rss/articles/CBMiT0FVX3lxTE9lTWNnYnVZNlRQcVZXSkhrNzhtemNrQWZLdHJyVFVoelRtSUdMZW9VV2N1LTZqc1Z0dXVEVzVfMkh1SDJUMmtyVUx6bExuN0k?oc=5,하,,6,
관세,"美, 인도·인니 태양광 고율관세…美진출 한화 '반사이익' 기대 - 연합뉴스","美, 인도·인니 태양광 고율관세…美진출 한화 '반사이익' 기대&nbsp;&nbsp;연합뉴스","Wed, 25 Feb 2026 00:44:24 GMT",https://news.google.com/rss/articles/CBMiW0FVX3lxTE9MU2hKSnBIVjBmRDJreUNEZTlSWG4wZXNqRU5yY1lwWnZCa2Z0OS1yUGk4REN5RG9FYlZGU3ZJZTVVLTN2QTVUZUo2MlR3ZkVhaEkxM2F6azRrQzTSAWBBVV95cUxPNlZHcEdrNWNPdW4yMHZEQmNPcDJNWnZReG9rN3Jvak9mSFRyRHdOUktTWWxLWXJ2ZFVoeWhVQU9pQ3p3LUhaaXhSZ0pqNGhWRkdXM0t5Q0Q4QlBfTnVZVGw?oc=5,하,,6,
관세,"미국 정부 태양광 관세 적용국 범위 확대 추진, 인도·인도네시아·라오스 포함 - 비즈니스포스트","미국 정부 태양광 관세 적용국 범위 확대 추진, 인도·인도네시아·라오스 포함&nbsp;&nbsp;비즈니스포스트","Tue, 24 Feb 2026 01:30:38 GMT",https://news.google.com/rss/articles/CBMic0FVX3lxTE50dk42clEtRmhYWnlWX3IzNUZvSEZVN05PbjNNRHFqYlNBMkdxZ1phTHRKU09McjFjb01yd1k1ejNjQ0JiZkxscThKN3VkNGQxdGdrLVp1RWx1aXNKSHRJMUZwY2l0WVlrSVFyTTlqaEtxOTQ?oc=5,하,,6,
관세,삼정KPMG IEEPA 관세 위법 판결…관세환급·공급망·현금흐름 선제 점검 필요 - 아주경제,삼정KPMG IEEPA 관세 위법 판결…관세환급·공급망·현금흐름 선제 점검 필요&nbsp;&nbsp;아주경제,"Tue, 24 Feb 2026 23:55:32 GMT",https://news.google.com/rss/articles/CBMiWkFVX3lxTE41ekUxM3duSW9McFY5bGhiMzNsTXFaaXd1aHhobVYyZmd3MFgtT0RRWEdyVHZWc1B5WHlSQWxBemtXancyZmwtQ1ZTaGM5QUN1U3pTS0VFTXlwd9IBWEFVX3lxTFB1YWxMOU9ldUFHQ0hRSXVQcFRRc3hCRHdJTTRaQzQ3Rm81TEJITkNkbnMzWGJ5Vjk4UF9fVW1fNWtIdThBcTRfbVZXOXJFMWVPWTR5NWstOF8?oc=5,중,,11,
관세,"트럼프 관세, K-뷰티 영향은? 中 ODM 생산 유입 따라 공급망 리스크 확대 - 코스인코리아닷컴","트럼프 관세, K-뷰티 영향은? 中 ODM 생산 유입 따라 공급망 리스크 확대&nbsp;&nbsp;코스인코리아닷컴","Tue, 24 Feb 2026 23:04:27 GMT",https://news.google.com/rss/articles/CBMiY0FVX3lxTE5FNEI4eEpDMlppeGhrRHozMGc4OFktLWtEbVQ1X3hnQkI5T3JOSE5LdF85eG9YdmRYQVVSTm1RQVRHazgzSm5PT090YWtfdXpEQlVQSlNZLUFLOC1Sd2dnZHdKRQ?oc=5,하,,5,
관세,트럼프가 쥔 ‘관세 카드’ 232조·301조…발동되면 세율 조정 만능키 - 한겨레,트럼프가 쥔 ‘관세 카드’ 232조·301조…발동되면 세율 조정 만능키&nbsp;&nbsp;한겨레,"Tue, 24 Feb 2026 17:22:33 GMT",https://news.google.com/rss/articles/CBMib0FVX3lxTE9UWl8zeTVsUU5ZeTF0R3JPZU5RMzE1djdRQW9lRnFIOWtNZVo4TWZzWW9yMGFGX294Rnprc2J6T0lCS0RyZ3F5TTVQUzVySnFhUlNLRTR6NE5wa2NBTzhqcjRJaUp5ZHF0M0RXQjB4TQ?oc=5,하,,5,
관세,"배터리·통신 장비… 美, 6개 산업 관세 검토 - 조선일보","배터리·통신 장비… 美, 6개 산업 관세 검토&nbsp;&nbsp;조선일보","Tue, 24 Feb 2026 15:48:00 GMT",https://news.google.com/rss/articles/CBMihAFBVV95cUxQbFF3QV9uTk8zUEhESHNsWVhwZUZrbXcyd0hhMDdnMDl4dFlvUVNtZ2RrWlJVZTdseTRIa0NxSXdMbktoOVlKQ1NHSHdkQmRINUN0RDdPZVlMRWNFazFkUXNxU2M4cW5obHNfVnk3NWk1MXZ5Z0hMbGJkbENCb2FXQjc2a1_SAZgBQVVfeXFMTjdSUHlmSENrTVdYRE5YWXVwV21JMUcxcHNzQTRZMndjcVpqeFZZYjI0UmVOaW5rN1FDcG9iZTZCbFhuYVNSRHNSWlR2WGhkVGRYSEI5eHMzbDNGMFFONEE5UDl0aGRiSXFZMU1JVUpDa2ZpT3NCUVRoSGtEYmpzc2NBY3lFN1l6QnppVGlwS0d4Vk45QVFWcWs?oc=5,하,,5,
관세,관세 전쟁 다시 불붙나…백악관 ‘15% 추진’에 각국 긴장 - JTBC,관세 전쟁 다시 불붙나…백악관 ‘15% 추진’에 각국 긴장&nbsp;&nbsp;JTBC,"Tue, 24 Feb 2026 23:21:00 GMT",https://news.google.com/rss/articles/CBMiVEFVX3lxTE1DR2dTeHhseEtjd3Jjc3NWenB5OVhQWXR1S1pZbU16SDRrU1E4MjB5U3pCX1BRQ0FLWE1vTnV2emtURUNlaWZ2TV9IamkxdEZsWWIyNA?oc=5,하,,5,
관세,"IEEPA 관세 위법…""환급기회와 추가관세 동시 대응해야"" - 한국세정신문","IEEPA 관세 위법…""환급기회와 추가관세 동시 대응해야""&nbsp;&nbsp;한국세정신문","Tue, 24 Feb 2026 23:51:55 GMT",https://news.google.com/rss/articles/CBMiZEFVX3lxTE04YmliQVNUX2NseVVsOUtMblMxX0FiemxDTHlMNFE5UkhseWp0b2w5ZEU5ajRUclJTZ1JLSFhIajhDYTJRemJkOXB2NXhXTl94TnE0RlctZFBsX0lDNXRudWxUdjM?oc=5,상,,16,
관세,트럼프 ‘글로벌 관세’ 부과에···강경화 “동향 파악·대미 협의 지원” - 경향신문,트럼프 ‘글로벌 관세’ 부과에···강경화 “동향 파악·대미 협의 지원”&nbsp;&nbsp;경향신문,"Tue, 24 Feb 2026 22:22:00 GMT",https://news.google.com/rss/articles/CBMiWkFVX3lxTFBYZ2pFd3NGUEJLVmtZWkk4TlFLbi1PRnE2a3Y0OHBWVU4xamNDVVBWeXR2aHlCcVU5dFBUZkdVZE5oQzVzNnlOajNHVVFDSFZ3MlJZRzZMRGFBQdIBX0FVX3lxTE5tcktrQmNRN1pMSlpoLURuaTdGQ2kwQU56Mi0tTDVHcms5b09UTlExTElwdUs1X1pkUVFrVGkzaUJWWVFJc21UMHY3MGJIUENORWFvaGxlTWM1eDh0bFJj?oc=5,하,,5,
관세,"트럼프 “대법원 결정으로 장난치는 국가, 더높은 관세 마주할것” - 문화일보","트럼프 “대법원 결정으로 장난치는 국가, 더높은 관세 마주할것”&nbsp;&nbsp;문화일보","Tue, 24 Feb 2026 21:19:09 GMT",https://news.google.com/rss/articles/CBMiUEFVX3lxTE9LOTQ2TnJsVTRrcE5nekF0aEhmZ2hoUUtGSmNrMXgyb2xndkwwaDRDR2ozZ3VFdHBEUmM5dm9JYzN1cEMxcmxhRW82V0d1Y3pw?oc=5,하,,5,
관세,"“美, 새 ‘국가안보 관세’ 추진”… 배터리-전력망 등 6대 산업 겨냥 - 동아일보","“美, 새 ‘국가안보 관세’ 추진”… 배터리-전력망 등 6대 산업 겨냥&nbsp;&nbsp;동아일보","Tue, 24 Feb 2026 19:30:00 GMT",https://news.google.com/rss/articles/CBMic0FVX3lxTE9TN0hsNElDZWdHeFBIbHhTSHpHaWJpZlFBZlJCUVY5eU1CRzUyV21LNEV4Q3E1NEw0bE5GbVZ6eXJEVU1FdDBQRWF5RmxaejZsbTZWZmlXZE41NTY0OWJ3b2RXaTBSZEIxOWI3OW9pY1ZzMFnSAWZBVV95cUxPWFRmVnJRcUlxTzEwNDc3c1lGdkhnd0NQS2FTeWEtZmZPUGxhbXNzaXEyUHV5OTI4dE9sZ2pZcFQxUEJKUXRmVkpqdWZDSTRuNnM4blhVSEJPU1lmanc3ZG5iTlFxYnc?oc=5,하,,5,
관세,“장난치면 더 높은 관세”…트럼프 관세 폭주 어디까지? - KBS 뉴스,“장난치면 더 높은 관세”…트럼프 관세 폭주 어디까지?&nbsp;&nbsp;KBS 뉴스,"Tue, 24 Feb 2026 12:07:00 GMT",https://news.google.com/rss/articles/CBMiW0FVX3lxTE9TMFEweGNaQm9Yd1E3aE4zS19CX3FiM1hNRk5kS2JsTWpyX0lkdFhLRVN6OExLeHJuZmxWV1ZUSFR4S3ozQWViTW82SjVHRV80Nk1uYWpDWXJvbmM?oc=5,하,,5,
관세,"트럼프, 새 ‘글로벌 관세’ 발효…일단 10%로 시작 - 한겨레","트럼프, 새 ‘글로벌 관세’ 발효…일단 10%로 시작&nbsp;&nbsp;한겨레","Tue, 24 Feb 2026 10:58:00 GMT",https://news.google.com/rss/articles/CBMib0FVX3lxTE9KXzc5RW8zMzBOR1lFdzRiMkpmSnVCZEdzekhqR3BKS2VCUFgzbFhWLWMzb2ZYbDloUGszT2dLYWZxb0NyWkVEN0FDNWxZQ3hJWG1LcmhQR29YdDJqdDVsaFEyZDJtNEpxR3VxRnJKNA?oc=5,하,,5,
관세,15% 예고한 새 트럼프 관세…'트럼프식 타코'에 무덤덤 [글로벌 뉴스픽] - v.daum.net,15% 예고한 새 트럼프 관세…'트럼프식 타코'에 무덤덤 [글로벌 뉴스픽]&nbsp;&nbsp;v.daum.net,"Tue, 24 Feb 2026 21:21:08 GMT",https://news.google.com/rss/articles/CBMiT0FVX3lxTE1rdXhzNl9GV1p3TlpsZ0lDZXpPR0NWT3FrcHFZcTVfLU5SaE1VTEt1b2tRUUdSbjJHanpzNVBHZHd2UjNUbmNLWDBTRWhnZ2M?oc=5,하,,5,
관세,"강경화 ""美 15% 대체관세, 국익 가장 부합하는 방향으로 대응"" - 주간조선","강경화 ""美 15% 대체관세, 국익 가장 부합하는 방향으로 대응""&nbsp;&nbsp;주간조선","Wed, 25 Feb 2026 01:00:00 GMT",https://news.google.com/rss/articles/CBMia0FVX3lxTFBObnVCOTZGblJFc0NhblVGZWZ0Q29udDlkeGFCRk1DVFN3elhGWUJnNlU5dkM2UkFCLWJVc0tpM1VHUXhBVVF6WFY3TndzVlN2LW0wWlZ1aXNEYS1zYV9BOENrTE9Nc1RCSVA0?oc=5,하,,5,
관세,"백악관 ""글로벌 관세 15%로 올릴 것""…시점은 특정 안해 - v.daum.net","백악관 ""글로벌 관세 15%로 올릴 것""…시점은 특정 안해&nbsp;&nbsp;v.daum.net","Tue, 24 Feb 2026 19:03:01 GMT",https://news.google.com/rss/articles/CBMiT0FVX3lxTE94dFRsczBuelZCdl9NVHlnejI3VzgyUUVhTDlUOGhfVEotQURhbGQ3VXZzSVdXbGJjUnlkMV9IMjJ0eVB0Q2x3NjFUa0NfV1k?oc=5,하,,5,
관세,백악관 쪽 “글로벌 관세 15%로 올리는 작업 중”…시기는 언급 없어 - 한겨레,백악관 쪽 “글로벌 관세 15%로 올리는 작업 중”…시기는 언급 없어&nbsp;&nbsp;한겨레,"Wed, 25 Feb 2026 00:54:00 GMT",https://news.google.com/rss/articles/CBMib0FVX3lxTE9PSDk1Tzd2X0pQanpvSDFVSVZPbUFVQzdFdkNVQUdlV3JZQ3ptdHhPcWhTS3hqWjlyZ1ZMMkpoQWFfT0JWSTdBeUNJaHo2dHBNbjFtLTdNLThVLTRrQWlQYlZFOXVFNVNnZmpWMkNnRQ?oc=5,하,,5,
FTA,"통상 환경 '시계제로'…실종된 한미 FTA 효과 부활, 이게 될까? - 뉴시스","통상 환경 '시계제로'…실종된 한미 FTA 효과 부활, 이게 될까?&nbsp;&nbsp;뉴시스구윤철 “미 관세 15% 부과 땐 ‘FTA 체결’ 한국 상대적 유리”&nbsp;&nbsp;경향신문구윤철 “상호관세 무효, 불확실성 커…FTA 체결국으로 유리한 측면”&nbsp;&nbsp;한겨레무협 ""美 새 관세 구조로 'FTA 체결국' 韓 경쟁력↑ 가능성""&nbsp;&nbsp;한국무역협회-KITA.NET""美 관세 재편…FTA 체결국 韓, 가격 경쟁력 강화""&nbsp;&nbsp;v.daum.net美 추가관세, 韓기업에 득될 수도?…무협 “한미FTA로 미국 시장 경쟁력↑”&nbsp;&nbsp;매일경제무역협회 ""미국 관세 변화, FTA 체결 한국에 유리…추가 품목 관세 주목""&nbsp;&nbsp;뉴시스","Tue, 24 Feb 2026 21:00:00 GMT",https://news.google.com/rss/articles/CBMiYEFVX3lxTE92aXpYZURRTWdNQ3JYV1lqeFM5RXZBRmducWRRYUwtcm5nRThTdHJJaWwtMmJYdnF3RU1kNTRfZzB6NUEtQlNiZlY5MVhiUEMtSVZUTWdhWDhoRXdFWHpkT9IBeEFVX3lxTE9VMmtpRnFLU1d1YmdRQ3o1SnZ0MFRSTGZkNWgxZk55U2VJdGl2SV82OVBwbE1oQml2U3lNakdQSG9WMW5yZ3dhOGdrSGNzN2xLMExWRTR6Y3l0RFI5MWR0YUUxSlhLVjhjVDVtRlRJTUozTnBEaUxTYg?oc=5,상,,13,
FTA,"청도군, FTA기금 과수고품질시설현대화사업 대상자 교육 실시 - 한국시사경제","청도군, FTA기금 과수고품질시설현대화사업 대상자 교육 실시&nbsp;&nbsp;한국시사경제","Tue, 24 Feb 2026 03:31:37 GMT",https://news.google.com/rss/articles/CBMiakFVX3lxTE5kczFyeUJpclZuUFdaUi1SRjNyMUphSkdwNDBpWXBHcjNVcnM5YjFmUFJ3Wm8zb29RMWQ2alpFa3U5RmFXM3BvM0RnQWcxZjZ5Z3VKU2IxbUZpZ3ktQm40OGxzbUV0eE5Jdmc?oc=5,하,,5,
원산지,7월 USMCA ‘공동검토’⋯ 美 ‘자동차 원산지 규정 더 죄어라’ 압박 - 브릿지경제,7월 USMCA ‘공동검토’⋯ 美 ‘자동차 원산지 규정 더 죄어라’ 압박&nbsp;&nbsp;브릿지경제,"Wed, 25 Feb 2026 00:20:00 GMT",https://news.google.com/rss/articles/CBMiWkFVX3lxTE9ScDl0STNvT2I0N1IyUmZNeXZVTmxQNWVtajhRSHRDR0RjQ0tlRG9Rd3BzZGpNdlJ6U2RkMDg1TWEyRnpNNnB4NklwSDlRTVVYaE9NVDVRRVU4UQ?oc=5,하,,6,
원산지,설 명절 원산지 표시 위반 470곳 적발…배추김치 144건 최다 - 경기일보,설 명절 원산지 표시 위반 470곳 적발…배추김치 144건 최다&nbsp;&nbsp;경기일보,"Tue, 24 Feb 2026 05:27:00 GMT",https://news.google.com/rss/articles/CBMiW0FVX3lxTE9FYm02T2RNalZGTy1qcHlCNXdodlRfbmR5NjBoUHprUmVEWEkwMFBvNkJsd1VLQVpPRVhpNFc2b0p2SnFuSWt4NUFqdnlfX1ZZNy1oTm1lbV9IZTQ?oc=5,하,,4,
원산지,“DNA로 원산지 가린다”…염소 이력관리 도입 본격화 - 전자신문,“DNA로 원산지 가린다”…염소 이력관리 도입 본격화&nbsp;&nbsp;전자신문,"Tue, 24 Feb 2026 04:21:40 GMT",https://news.google.com/rss/articles/CBMiTkFVX3lxTE1iX0Z4RjEzWkd2aTgwajNldGc2b2dNb1pWSkRmQnJPMzZrUk45MjdmY3JXS2lnak1PV0VBU29vRGtxZUpHYkJsejl6NUdVZw?oc=5,하,,4,
원산지,"농관원 강원지원, 설 명절 농식품 원산지 표시 위반 33곳 적발 - 뉴스1","농관원 강원지원, 설 명절 농식품 원산지 표시 위반 33곳 적발&nbsp;&nbsp;뉴스1","Tue, 24 Feb 2026 07:11:52 GMT",https://news.google.com/rss/articles/CBMiVEFVX3lxTE5KX1N1WXNDOUN3bWhDcHRzLXcwSm9fajlYUW5CejJNdTJEcmFNTjdJOEV4WG5tMkVXbHlfWGhuN0hzeWZXTUtwSUcydFpreVJNWElUcQ?oc=5,하,,4,
원산지,"캐나다 삼겹살, 한돈으로 속여 1천만원 팔아…원산지 위반 무더기 적발 - 뉴시스","캐나다 삼겹살, 한돈으로 속여 1천만원 팔아…원산지 위반 무더기 적발&nbsp;&nbsp;뉴시스","Tue, 24 Feb 2026 02:00:00 GMT",https://news.google.com/rss/articles/CBMiYEFVX3lxTE1pWmg5Z1BLTjhSd0wyOFBjRWw2ZDRVcmNzNU8teHhfcTFBTnhEU21JSFlmNWZNZk00YXh5SWg2eHFuWm1SVmI0ME11bFV5bDRrc0Y4Nm9lNGhjYzhPbzZrTNIBeEFVX3lxTE1xeHgxQVVhdmp0cWVIUElLNXJXMkJKdWxEV3hqb2Y5RnpLQmY1MWMyOHl3a25qNlgxSmVkYUhRcTJ2WUR5ZV9vVW9iMktzREVOb09JV2VLRWVrSzBVTEJPQmx4LWZiREF3aEE3UkxHeDg5dE5tN2Fuaw?oc=5,하,,4,
원산지,"설 명절, 농식품 원산지 표시 위반 470개소 적발 - 서울Pn","설 명절, 농식품 원산지 표시 위반 470개소 적발&nbsp;&nbsp;서울Pn","Tue, 24 Feb 2026 02:11:09 GMT",https://news.google.com/rss/articles/CBMiYkFVX3lxTE1Na0ZFWHVFSzByc3B6cWhsOVRlVkQxNHpCTUpJM2lXMEY1eE1DbnVRWk4taTNfYUlBSldod0xMN0RCWThpNGFrMldwak5Sakd4SUstY1BZbkptUEdsNE5DSWNn?oc=5,하,,4,
원산지,설명절 농식품 원산지 표시위반 470곳 적발…배추김치 '최다' - 연합뉴스,설명절 농식품 원산지 표시위반 470곳 적발…배추김치 '최다'&nbsp;&nbsp;연합뉴스,"Tue, 24 Feb 2026 02:00:01 GMT",https://news.google.com/rss/articles/CBMiW0FVX3lxTFBvZ2F2S3psUk1icllmY0FvNkpLUUtRV2NHNXVvNDBDX3NEdkJrOGd1MVdnblR2d3ZDd3BuSmRaOXJGZHBHcmY1ckEyU0tFTi1PTEExVTUzMDY2NmvSAWBBVV95cUxQVldTWWliaFcwdmMxa29OZmdIQ0ZJSDRtQXJSVlZzZGhZZTZxSXNBY2RJU0Npc2pfX3puVHM2STNkRGMxNVlURHhpZm1jbERsUVlTMTBSNmQydERsV2E2SWQ?oc=5,하,,4,
원산지,설 연휴 앞두고 원산지 속여 판매…업소 470곳 적발 - KBS 뉴스,설 연휴 앞두고 원산지 속여 판매…업소 470곳 적발&nbsp;&nbsp;KBS 뉴스,"Tue, 24 Feb 2026 02:03:00 GMT",https://news.google.com/rss/articles/CBMiW0FVX3lxTFBQYlZ2OXV0Q3NqYmRRRDdNcXNMZUMzNXBRbTBBTG9CZTk4SldxdjhzVXpZY3BNeEdzbFF0dE5fYmlCWi1WaS02UGZHanJIOGtVNGw3OHhDQkpmbVk?oc=5,하,,4,
원산지,USMCA 연장 공동검토 돌입…車 원산지규정 강화 ‘촉각’ - 이투데이,USMCA 연장 공동검토 돌입…車 원산지규정 강화 ‘촉각’&nbsp;&nbsp;이투데이,"Tue, 24 Feb 2026 21:00:00 GMT",https://news.google.com/rss/articles/CBMiVEFVX3lxTFA2bksxY2Qya015dXVqeWFUTElxaUg1SGIxM0NJcF9IMXBBQXVRSnRjVFVvZ1JHWHVaUlNoSnEtcUh2cXNCTzdENkU3amhwSkZMbzBZNg?oc=5,하,,6,
원산지,"""알고보니 캐나다산""....이번 설 명절도 축산물 원산지 표시 위반 1위는 '돼지고기' - 돼지와사람","""알고보니 캐나다산""....이번 설 명절도 축산물 원산지 표시 위반 1위는 '돼지고기'&nbsp;&nbsp;돼지와사람","Tue, 24 Feb 2026 21:47:44 GMT",https://news.google.com/rss/articles/CBMiYkFVX3lxTFA0WDdwVDVKZjVydzB6YzE3UHhlVjc3M2RhMFA0Nzg0bndjRjBTOXJPWF9kSV9mejZVV1RjM2twYTFVdS1jSkVITmNmYmg1QzhnZVFxYXZpaVdqVF9yei1IZ2ZR?oc=5,하,,4,
원산지,"인천시, 역세권 수산물 업소 75곳 점검 원산지 위반 적발 16건 - 인천투데이","인천시, 역세권 수산물 업소 75곳 점검 원산지 위반 적발 16건&nbsp;&nbsp;인천투데이","Wed, 25 Feb 2026 00:22:27 GMT",https://news.google.com/rss/articles/CBMicEFVX3lxTE42Zl91TjNvV2R5dWJ6aXFJaHBVTE9vZXVoN0g0SUJsLVlSTVVGeXA5cnY3ODNreW4xTWV2dk5MSlM0TVA3QWRuMUFOX2hnbnh1Qm9VeUdCYnNwYUNsV1A2cDNWSkJJYWV0NW9SVHE1ZWw?oc=5,하,,4,
원산지,설 명절 농식품 원산지 위반 470개소 적발… ‘김치·돼지고기’ 둔갑 여전 - 팜인사이트,설 명절 농식품 원산지 위반 470개소 적발… ‘김치·돼지고기’ 둔갑 여전&nbsp;&nbsp;팜인사이트,"Tue, 24 Feb 2026 23:34:05 GMT",https://news.google.com/rss/articles/CBMibkFVX3lxTE5obmRXdnA0eWNrVzZoU3hkSTJxdG9ONHp2Uy1kM09jVVhyNDBYcTR4NmdMbVk4amR0NnE4RWx3Qm12TmdCbHlkM0g5RW9aR29nNk5mXzlEREV3d3YyM2Jfc0NHZE9GbzJHSl9nQ3J3?oc=5,하,,4,
원산지,미국발 원산지규정 개정 압박…USMCA 공동검토가 한국 완성차에 미칠 파장은 - 대한경제,미국발 원산지규정 개정 압박…USMCA 공동검토가 한국 완성차에 미칠 파장은&nbsp;&nbsp;대한경제,"Tue, 24 Feb 2026 23:37:22 GMT",https://news.google.com/rss/articles/CBMic0FVX3lxTE5Jb19CWVFTM2pxNzlWZ1FkWDhic25UN21fdE5vT0Qzb19keGxiN2Q1aFFQOFprc0ZiTTRjejI5QVNuMF93bl92ak1uYnUzYm8zRm1ZY2FSVnpfTlpqTzN0NFktd3B4Q0tWT3N1cUdVbGVURXc?oc=5,중,,9,
원산지,"농관원, 원산지 위반 470개소 적발...거짓표시 256개소 형사입건 - 중앙신문","농관원, 원산지 위반 470개소 적발...거짓표시 256개소 형사입건&nbsp;&nbsp;중앙신문","Tue, 24 Feb 2026 22:50:17 GMT",https://news.google.com/rss/articles/CBMiaEFVX3lxTE9yd3hscUx4ZGJwUXgyMEZTcjRHVVBGa2xjT0FGbnpUdTZTdG9NZW56R184ZlhpUkJIWEx0VGY2U3VfYnNRZjhCV0Q5bE43MS1ZZFF2MWUzMUtyd0RuUUI3bnBFYzJDRS1Q?oc=5,하,,4,
원산지,"국립농산물품질관리원, 설 명절 농식품 원산지 위반 470곳 적발 - v.daum.net","국립농산물품질관리원, 설 명절 농식품 원산지 위반 470곳 적발&nbsp;&nbsp;v.daum.net","Tue, 24 Feb 2026 09:00:20 GMT",https://news.google.com/rss/articles/CBMiT0FVX3lxTFB1NGZHSm51TW1Od3Qyd1JROXp6YjZEODlNOV9mZUNBUkJOLWxzLVlkSTlHQVRhQ19rRGFZX1Vpb1ZId1ZINFVhc2JyTmJRSW8?oc=5,하,,4,
원산지,"""타지역 배를 나주배로""…설 명절 ‘원산지 둔갑’ 적발 - 남도일보","""타지역 배를 나주배로""…설 명절 ‘원산지 둔갑’ 적발&nbsp;&nbsp;남도일보","Tue, 24 Feb 2026 22:25:00 GMT",https://news.google.com/rss/articles/CBMibEFVX3lxTFBFeTVUU19HQVN1aFdUZ184ODlMVVlNeDV1aEdvcS1uT19uTTl6c1BYaDJlMXRjalFiNlFPcE5Xa1k0YUhfYWR2akgyUGpQcjJHUUpZbFF5MTJzUk1EZ2hrSFlMSlAteF93c1o4dtIBcEFVX3lxTFBTYlRRSVUxbEtkSXhscWZzYXZwTk9zd0pUaV9ONnZmVnNFX3FiLWtuR0JzRVVld2ZXVE9MYlhvblZKYlZMQnh1RWEycTFVMDByM3RydWpYZ3V5ckVkRFN4OHNQcVJHYW40bUNQcjdtTFg?oc=5,하,,4,
원산지,"USMCA 원산지 문턱 높아진다…""공급망 데이터 일제 점검 필요"" - 파이낸스스코프","USMCA 원산지 문턱 높아진다…""공급망 데이터 일제 점검 필요""&nbsp;&nbsp;파이낸스스코프","Tue, 24 Feb 2026 23:18:00 GMT",https://news.google.com/rss/articles/CBMiakFVX3lxTE0xVFZYVlZid0hLc3Bya29pa2g4dWQ5aGM2b3NSNDN1M3Y4OTR2eFJ1dmlVRV9Xb0IyOWVRYjFtdHh5NGlXZ1A2c1p3Mmd1eDZxMDhBaEYtYzQzQTdHeGV5QVNNbUNHaE5QTGc?oc=5,하,,4,
원산지,설 밥상 원산지 위반 470곳 적발…절반은 ‘거짓표시’ 형사입건 - 문화일보,설 밥상 원산지 위반 470곳 적발…절반은 ‘거짓표시’ 형사입건&nbsp;&nbsp;문화일보,"Tue, 24 Feb 2026 08:21:29 GMT",https://news.google.com/rss/articles/CBMiUEFVX3lxTE5oVXg4MWx1UlctbGNOTnA0OGJwT2FoVFNNUDZrNnJuWDYzMXJodzdwcE1rN2hTM245d2JLNmVmdFY0NVlPc2VRekYtU01KWngy?oc=5,하,,4,
원산지,북미무역협정 재점검… 자동차 원산지 규정 강화 수면 위 - 아주경제,북미무역협정 재점검… 자동차 원산지 규정 강화 수면 위&nbsp;&nbsp;아주경제,"Tue, 24 Feb 2026 21:00:00 GMT",https://news.google.com/rss/articles/CBMiWkFVX3lxTE5QSFhMMEQ3ajJIYlhweUw2cmQ1U190QlhOV0d0bXdMVFphTXBCemRDVHMyMjZOalp4ZGc1LWN5clNHcWlaeG9MNUJuV2FmM1k5dzF4YnV6ejQ5QdIBWEFVX3lxTE81dDhac0gxNmhCaVJjd2VpZzRjUkIydV9SQVR5OVRYYTJiUkhmWWh6WUJ3MWtKbUZLN1oxRTg0QVFja1ZlQnZMUFRoTk8xMFRjUjgyM2hxLW4?oc=5,하,,6,
원산지,"인천시, 수산물 원산지 표시 위반 16곳 적발…거짓표시 형사처벌 - 여성종합뉴스","인천시, 수산물 원산지 표시 위반 16곳 적발…거짓표시 형사처벌&nbsp;&nbsp;여성종합뉴스","Wed, 25 Feb 2026 00:08:46 GMT",https://news.google.com/rss/articles/CBMib0FVX3lxTE5FNXBiNy1QQ3lSWW5jU19zYnd1U2lSRFlnLWF3X09tUjBBYkFqT2lUS3hQU3lNc2piYWtRZGNkcXh6bEptSFc5aUlxM09ycFhUZXBkeU9yczFCR1BxQlN2blNybGFzaDNDZ2FDdC1Mbw?oc=5,하,,4,
원산지,"인천시, 역세권 수산물 업소 점검…16곳 위반 적발 - 뉴시스","인천시, 역세권 수산물 업소 점검…16곳 위반 적발&nbsp;&nbsp;뉴시스","Tue, 24 Feb 2026 23:54:17 GMT",https://news.google.com/rss/articles/CBMiYEFVX3lxTE5WWGdBcUI5QTJHYXI1S1ZsWVU0SkRDZFhWc29KLWFsbl9JZ191b0VNdWxPcWxWRDR6SDdjMUpFNnphT0RsZnF1di1xY21WelZSdi1SdUpubWYxUWVXakpiNtIBeEFVX3lxTE9hbjlaLUQ0WWMzZC1ESXN2RkcxcFBhV3k5Z0pUWDQ2NndEdnB1MjhlNUF2ZmltYWdsUDBvWGw2NHpRYzNYR29DamY1a2FPMkliSnozNEJZV0N2MnFoNll0eUMwOGxiY1BHRWczX1RiVFRQeEE3R2hzdA?oc=5,하,,1,
원산지,7월 USMCA '공동검토'? 美 '자동차 원산지 규정 더 죄어라' 압박 - 네이트,7월 USMCA '공동검토'? 美 '자동차 원산지 규정 더 죄어라' 압박&nbsp;&nbsp;네이트,"Wed, 25 Feb 2026 00:21:00 GMT",https://news.google.com/rss/articles/CBMiU0FVX3lxTFBlSGp6MmVqTTlscWZTaU1wQ3B1dUVXbC0tVGpSZnVlVC11bWdNbVNyWVpISlIzQ2piQU41Q05vQldLR214U3VmUGRuUmRWTXRraU13?oc=5,하,,6,
원산지,"""USMCA 개정 가능성…車업계, 원산지규정 강화 대비해야"" - 네이트","""USMCA 개정 가능성…車업계, 원산지규정 강화 대비해야""&nbsp;&nbsp;네이트","Tue, 24 Feb 2026 23:39:00 GMT",https://news.google.com/rss/articles/CBMiU0FVX3lxTFBxRHdNNW4xS1l4bnFqWnJNX3dtMUZNbEsyLVpONnpvYmtyYzVFSnJ2ekcxNUtqRFZBcTVfRTZnbFNsTHM1Rk5QZHRCRkpsSlZ2OHkw?oc=5,중,,8,
원산지,"""일몰 앞둔 USMCA, 연장 가능성 커…車 원산지 규정 강화 대비해야"" - 네이트","""일몰 앞둔 USMCA, 연장 가능성 커…車 원산지 규정 강화 대비해야""&nbsp;&nbsp;네이트","Tue, 24 Feb 2026 21:00:00 GMT",https://news.google.com/rss/articles/CBMiU0FVX3lxTE84SFJpRjBsblE3dW56bEx2c25VRWJCbDdidVQwckdtcDBicHVwY2RKZ3ZtZzRFOEppNnFXZVVraUwxUVNqTWhJS1FTclN2MExmXzY4?oc=5,하,,6,
원산지,"""車 원산지규정 강화 대비…시나리오 평가·공급망 DB 관리해야"" - 네이트","""車 원산지규정 강화 대비…시나리오 평가·공급망 DB 관리해야""&nbsp;&nbsp;네이트","Tue, 24 Feb 2026 21:01:00 GMT",https://news.google.com/rss/articles/CBMiU0FVX3lxTE1CNjlzdnAxa2kzVlllVkNQcDBybWlabUo1VElfbFl0dG9ZcmM0SXNEX3M2Z1puZXdWSUZ3Qm9nVFRkTGtQajJhTzZXd1E4REhyN3Fr?oc=5,하,,6,
원산지,설 대목 노렸다…원산지 표시 위반 470곳 무더기 적발 - 매일일보,설 대목 노렸다…원산지 표시 위반 470곳 무더기 적발&nbsp;&nbsp;매일일보,"Tue, 24 Feb 2026 05:37:52 GMT",https://news.google.com/rss/articles/CBMiZEFVX3lxTE9ZeUhnLWdzUTBaV1lmVFNKSUxhZ192RG9SMFJBemI4aGoyREp2cGtUZk9MRmk3R0Q0akc5VG5MQ3Z2TVdKMkh1TEp0YTAyVmExYlE0X0hWM0V3amFoSjRrNE5PZFE?oc=5,하,,4,
원산지,떡 표시 안하고 배추김치 국내산 둔갑…설 명절 원산지 위반 470곳 - 중부일보,떡 표시 안하고 배추김치 국내산 둔갑…설 명절 원산지 위반 470곳&nbsp;&nbsp;중부일보,"Tue, 24 Feb 2026 07:54:00 GMT",https://news.google.com/rss/articles/CBMib0FVX3lxTE5lS3Z5UnZHRzd4SGZwTkxQYXFHVk14Z0oyaGg0S0UxeDdZcWlPbmE4ZjlaM05xbl9mWWVNWm5rM05xRjYzbHUyY3dfblRGbTZkdHRNZlluSW1wR2FtMHI2U185TWZVV1NtTDJMVnlhaw?oc=5,하,,4,
원산지,설명절 농식품 원산지 표시위반 470곳 적발…배추김치 '최다' - 연합뉴스,설명절 농식품 원산지 표시위반 470곳 적발…배추김치 '최다'&nbsp;&nbsp;연합뉴스,"Tue, 24 Feb 2026 02:00:01 GMT",https://news.google.com/rss/articles/CBMiYEFVX3lxTFBWV1NZaWJoVzB2YzFrb05mZ0hDRklING1BclJWVnNkaFllNnFJc0FjZElTQ2lzal9fem5UczZJM2REYzE1WVREeGlmbWNsRGxRWVMxMFI2ZDJ0RGxXYTZJZNIBYEFVX3lxTFBWV1NZaWJoVzB2YzFrb05mZ0hDRklING1BclJWVnNkaFllNnFJc0FjZElTQ2lzal9fem5UczZJM2REYzE1WVREeGlmbWNsRGxRWVMxMFI2ZDJ0RGxXYTZJZA?oc=5,하,,4,
원산지,"""USMCA 개정 가능성 높아…車업계, 원산지규정 강화 대비해야"" - 네이트","""USMCA 개정 가능성 높아…車업계, 원산지규정 강화 대비해야""&nbsp;&nbsp;네이트","Tue, 24 Feb 2026 21:00:00 GMT",https://news.google.com/rss/articles/CBMiU0FVX3lxTE91RUlCNmJmSmtnNk40TW1GWnZsTzR0aHphQzMtT05PZnFLeUhKLWZkX2dtRFliUzl3OUNTNHo5S21OQVVVVHpHQVp5V1FaaFdYSGVn?oc=5,중,,8,
수출통제,"중, 일 핵심 방산업체 등 20곳 ‘수출통제’ 명단에…일 “철회 요구” - 한겨레","중, 일 핵심 방산업체 등 20곳 ‘수출통제’ 명단에…일 “철회 요구”&nbsp;&nbsp;한겨레中, 미쓰비시조선 등 日기관 20곳 수출 통제대상 올려&nbsp;&nbsp;동아일보중국, 일본 기업 등 40곳 희토류 등 수출 통제·관찰 제재&nbsp;&nbsp;v.daum.net中, 20개 日기업 수출통제…'관심 목록' 20곳도 추가(종합)&nbsp;&nbsp;뉴시스중국 일본 기업 20곳에 수출통제 시행, 사나에 총리 총선 압승에도 압박 지속&nbsp;&nbsp;비즈니스포스트中, 日기업 수출규제 강화…日정부 ""용납 못해, 철회해야""&nbsp;&nbsp;아시아경제中, 日 기업 20곳 수출통제…“군사력 증강 관여”&nbsp;&nbsp;sedaily.com中, 재선 다카이치에 '축전' 대신 '제재'…미쓰비시 등 수출통제&nbsp;&nbsp;mt.co.kr중국, 다카이치 압박 강화…일본 기업 40곳 희토류 등 이중용도 물자 수출 통제&nbsp;&nbsp;이투데이","Tue, 24 Feb 2026 09:47:00 GMT",https://news.google.com/rss/articles/CBMibEFVX3lxTE8xNHpOUXhGdF9wdm8xRkRmQzd5S24xR1l5U0VfV2pJMVVCanFzQThmQXNZeFJzWXBrOUpYYXpoT3MtVDN2WTBhcVBzOEFoWG9Sc3FrQktMemFhdi1kT1BycE9TMUVzQjRRcFFlOA?oc=5,하,,4,
수출통제,"수출 막혔는데 어떻게...“딥시크, 엔비디아 블랙웰로 훈련” - sedaily.com","수출 막혔는데 어떻게...“딥시크, 엔비디아 블랙웰로 훈련”&nbsp;&nbsp;sedaily.com","Tue, 24 Feb 2026 01:25:36 GMT",https://news.google.com/rss/articles/CBMiT0FVX3lxTFBNVGhZOE1rdGlENktGT3c5elF6UjNHdHJOYzdCVGdPRjhsaHlxNlZQSEpiUWpKOS10cUdTbjllYlhtZlp2dGwtVDNTTFdZdjg?oc=5,하,,1,
수출통제,미국엔 ‘관세 유화책’·일본엔 ‘수출 통제’…중국의 속내는? - v.daum.net,미국엔 ‘관세 유화책’·일본엔 ‘수출 통제’…중국의 속내는?&nbsp;&nbsp;v.daum.net,"Tue, 24 Feb 2026 21:24:00 GMT",https://news.google.com/rss/articles/CBMiT0FVX3lxTFBnNktrMjZ5cEZmSUMxaFV1S3NJbE1KaVJ2aFI2dl9tcFA5Mkw3MWl5VEZ5bWtsbEI3ckpzSFdsTUtmNUxENVl6UFN4Rmo5ZDA?oc=5,하,,6,
수출통제,중국은 일본 기업 40곳을 수출 통제 대상 목록에 올렸다. - Vietnam.vn,중국은 일본 기업 40곳을 수출 통제 대상 목록에 올렸다.&nbsp;&nbsp;Vietnam.vn,"Wed, 25 Feb 2026 00:28:44 GMT",https://news.google.com/rss/articles/CBMilAFBVV95cUxOd0J5RXlSd0p4a0VOdjl6amVtOGFFVVJpMHFxRWtuS3YwUHhYWHN4YnlUWldsQjVJOHlHQUlQQkdWTkx3VWpKQUN1ejNqR25tNEM3TmdBdHllWUd2bzNSdU9ZZHk4MmFFVHI0SzlJbGRmVERNUzZhR0k2YzNmcVBVVk5QdUdTRjNIUEZjN2xzVDljR18t?oc=5,하,,3,
수출통제,"중국, 일본 기업 40곳 ‘수출 통제’…다카이치 총선 압승에 공세 재개 - 경향신문","중국, 일본 기업 40곳 ‘수출 통제’…다카이치 총선 압승에 공세 재개&nbsp;&nbsp;경향신문","Tue, 24 Feb 2026 11:19:00 GMT",https://news.google.com/rss/articles/CBMiWkFVX3lxTE0yNWd5RGVKZFRkY1J4TDBKclJRNnJicHAtYkctTUI1cVhKU1NFYUllV1JSdkhHTlNBaURBck1QZy1uMlNQck91Zm1hMlFtUWdnU28zMktnSk1xd9IBX0FVX3lxTE0zcjBhbWpfNElMc1ZWUnFfT3luY1FWTDlteEhDeUVBdFExUWtvNVFPZFRzTEJRcDBxZHlqZUx4eGFaZ0c4dHlYWmZidGNQREhKU2s4bW9YcG1weUFWZm9z?oc=5,하,,2,
수출통제,"中 ""군사물자 활용""…日기업 20곳 수출통제 - 한국경제","中 ""군사물자 활용""…日기업 20곳 수출통제&nbsp;&nbsp;한국경제","Tue, 24 Feb 2026 08:27:00 GMT",https://news.google.com/rss/articles/CBMiVEFVX3lxTFBKaGtLZVZyMDdmM215dEdUeTJ1WXJrR2lRNzdTaGt6THdoZFo2dkZMa1REamRmZ1dLUjRQTUI0OWlTZkJ1LXZjemtLend3VjZwM2JDZdIBVEFVX3lxTFBKaGtLZVZyMDdmM215dEdUeTJ1WXJrR2lRNzdTaGt6THdoZFo2dkZMa1REamRmZ1dLUjRQTUI0OWlTZkJ1LXZjemtLend3VjZwM2JDZQ?oc=5,하,,2,
수출통제,"中, 日기업 20곳에 수출 통제… 일본 “용납 못 해… 철회 요구” - 서울신문","中, 日기업 20곳에 수출 통제… 일본 “용납 못 해… 철회 요구”&nbsp;&nbsp;서울신문","Tue, 24 Feb 2026 15:05:33 GMT",https://news.google.com/rss/articles/CBMid0FVX3lxTE9aaFdIR2JRelkweU5rRHhKRW5Ld0U1ZFFWbjJsRU1PS3Bvb3JDZWtPOV9OSmx4SVljVVlycEpoTFNKbUptd1k3aFR6Q1F1Z2RrQVllNlRjdWpDa1hqZFdxNUpFVEgzcXR3MUhOMnBldXBDeHYzcENR?oc=5,하,,1,
수출통제,"중국, 일본 방산·중공업 20곳 수출통제··· 미중·한중 공급망 긴장 고조 - 경북매일","중국, 일본 방산·중공업 20곳 수출통제··· 미중·한중 공급망 긴장 고조&nbsp;&nbsp;경북매일","Tue, 24 Feb 2026 07:46:00 GMT",https://news.google.com/rss/articles/CBMiWkFVX3lxTFAwUW4wU0Nud0lhSExhRDg4cHVQanV5SHBsOFppMUF2S0RVUklSTXBUbHVMbW54aEFZeXBGMGRydGpCTVZUVUFkeVJyVkZUczBsZjVDY3RfTGpBQQ?oc=5,하,,2,
수출통제,"딥시크, '클로드' 1600만 번 훔쳐 배웠나…미중 AI 도둑질 전쟁, 삼성·SK 반도체 수출 통제 불씨 될 수도 - 글로벌이코노믹","딥시크, '클로드' 1600만 번 훔쳐 배웠나…미중 AI 도둑질 전쟁, 삼성·SK 반도체 수출 통제 불씨 될 수도&nbsp;&nbsp;글로벌이코노믹","Tue, 24 Feb 2026 22:25:13 GMT",https://news.google.com/rss/articles/CBMihwFBVV95cUxQR1BEYkZWTVUwRFFsa2Z5bjhaeE53NlVpYnptOGl4TTJFWnMzakFCWXAyckxOdDZQdHg2eHduNkh4UURnTFJtMlUwdnlCZzZUdDlkNURRZF9GNWRyZUVEV0oyUW9NWXVBcldyN3NLdHJZQXhYLWpDYzBfaFlHRXloejZMSGtvRFE?oc=5,하,,1,
수출통제,"중국, 일본 기업·기관 20곳 수출통제…""일 군사력 증강 관여"" - JTBC","중국, 일본 기업·기관 20곳 수출통제…""일 군사력 증강 관여""&nbsp;&nbsp;JTBC","Tue, 24 Feb 2026 03:56:00 GMT",https://news.google.com/rss/articles/CBMiVEFVX3lxTFBONmRPWW1WT2E1RF9Pd1NkLXhmU3ZWclFmYW5memJEa1JRLWFmWUNzVnc5cFN5TUxMTUpJV093UlBaS1kxUWFvdUJuTHpUYW51RV9IWg?oc=5,하,,2,
수출통제,"中 상무부, 日 20개 기업 수출 통제 전격 시행 - 아시아투데이","中 상무부, 日 20개 기업 수출 통제 전격 시행&nbsp;&nbsp;아시아투데이","Tue, 24 Feb 2026 06:14:51 GMT",https://news.google.com/rss/articles/CBMibkFVX3lxTE9CYURhWnllVDdYVG9lR1JCYXp3TjFXbG92Ym5EV20wenJkTlNleHlPT0ZLSG41TFY2TDVsN0Q3SFVycUQwZG81THB1bk5qejA3b2hDUjh1UUtmMjRjZUdTVWczNFJLQW5GNjFKMDFB?oc=5,하,,3,
수출통제,"中, 미쓰비시조선·방위대 등 日 40곳 수출통제·감시…""핵 야욕 저지"" - 중앙일보","中, 미쓰비시조선·방위대 등 日 40곳 수출통제·감시…""핵 야욕 저지""&nbsp;&nbsp;중앙일보","Tue, 24 Feb 2026 04:48:01 GMT",https://news.google.com/rss/articles/CBMiVkFVX3lxTE1wdm5YcXJ2TC14TU9nSVJtSnkxeENiWXBWVkdYZEptWlBmc0UwbWZ6dkpzWVdEMGc5ZUI5OUJ3WjN6SEdHbXVzNHRPb1JYRWhqY0NJcVZB?oc=5,하,,1,
수출통제,"中, 日 기업에 '수출통제' 경제 압박…미쓰비시 등 대상 - 신아일보","中, 日 기업에 '수출통제' 경제 압박…미쓰비시 등 대상&nbsp;&nbsp;신아일보","Tue, 24 Feb 2026 05:41:49 GMT",https://news.google.com/rss/articles/CBMib0FVX3lxTFB1ckU4X0s2Mi1jV1B1ZEtTUnBLcWhSdEdwaEdwWnpVZE4zZ3FqSEJDLWZiQmx6VTY1M19VT2x4SjZkOXRRd25DcENuTkhPMmVIbW1vQS1fRV82eXRDR3Ffbm54WjhCRGNIekVfUU1qRQ?oc=5,하,,1,
수출통제,"중국, 20개 일본 기업 수출통제…“일 군사력 증강 관여” - KBS 뉴스","중국, 20개 일본 기업 수출통제…“일 군사력 증강 관여”&nbsp;&nbsp;KBS 뉴스","Tue, 24 Feb 2026 02:35:00 GMT",https://news.google.com/rss/articles/CBMiW0FVX3lxTE92TzEwN3ZFSFUwMk9LX0N6R2xHdDZsTTEyZ2U0eXgzSEhhUnV4Zjlyc0dDd19Mamxkd2tEakgybmR1RXJEeXZYa2NhQjRZUTYtYzhSeEllczB1SjA?oc=5,하,,2,
수출통제,"중국, 40개 일 기업·기관 이중용도물자 수출통제…“재군사화와 핵보유 막으려” - 경향신문","중국, 40개 일 기업·기관 이중용도물자 수출통제…“재군사화와 핵보유 막으려”&nbsp;&nbsp;경향신문","Tue, 24 Feb 2026 04:28:00 GMT",https://news.google.com/rss/articles/CBMiWkFVX3lxTE9OWm1DY29TY2JPbFhwMjBqSm9WdktiOW5qT2g0RWZORHZ6M2NwT3dQQi1XZU9la0ZKLWdNb2dNSTRsSWNPZEdzbTNHVTlQOTROMVFGRHozNzZHd9IBX0FVX3lxTE1oa0tRTlZnbU8zWW1pZzM0aFBnSEpxeTdLV3RsYWotNnRkaWJRR0o0SWI0dUlvOXZuM2JXX2lwOUNnRkJfVW5ySkdPTTNMRzNBa3AwbDExN1JHTVlfekpv?oc=5,하,,2,
수출통제,"다시 일본 때리는 중국…""재군사화 막는다"" 무더기 수출 규제 - JTBC","다시 일본 때리는 중국…""재군사화 막는다"" 무더기 수출 규제&nbsp;&nbsp;JTBC","Tue, 24 Feb 2026 08:06:00 GMT",https://news.google.com/rss/articles/CBMiVEFVX3lxTE4zZWxvWl9fOUllMFZZMWNXMnBZS0VjUjFmWTRUV1lGdkxFdlpyVFl1WTR6dUN3SHJISnRmY3hMSzRKbGk4MGF0MzdOYVY5dmcyTzVpeg?oc=5,하,,2,
수출통제,"중국, 일본 ‘군사력 관여’ 기업 수출 통제 - v.daum.net","중국, 일본 ‘군사력 관여’ 기업 수출 통제&nbsp;&nbsp;v.daum.net","Tue, 24 Feb 2026 08:15:46 GMT",https://news.google.com/rss/articles/CBMiT0FVX3lxTE02NnpyNGZiWnhZVnpIeEpVaEM1djN1ejd6RlRlQ1N5bTZpMEN0YVVvbFBtRm1MMnUwM1JBUVhhd0FFSFE0VXhoaWJ2YjRDRVk?oc=5,하,,2,
수출통제,중국 ‘수출 규제 강화’에 일본 “절대 용납 못해…철회 요구” - KBS 뉴스,중국 ‘수출 규제 강화’에 일본 “절대 용납 못해…철회 요구”&nbsp;&nbsp;KBS 뉴스,"Tue, 24 Feb 2026 08:21:00 GMT",https://news.google.com/rss/articles/CBMiW0FVX3lxTFBnaUlwU0pKcWtKWXVJN2NRcGU4RHRCelVtQ21EU0FIVUZSNld1RUZtUEI5MmptekxzOFlnb2lTYVcwODlxZ0xKZHBaZVU4TVRhUmNCWjYzbUxzZ28?oc=5,하,,2,
수출통제,"중국, 일본 방산업체 20곳에 수출 통제... ""일본 군사력 증강 기여"" - 한국일보","중국, 일본 방산업체 20곳에 수출 통제... ""일본 군사력 증강 기여""&nbsp;&nbsp;한국일보","Tue, 24 Feb 2026 09:00:00 GMT",https://news.google.com/rss/articles/CBMic0FVX3lxTE5iY0RzZE96MFp4bDU2ZzVKVG83ZUtjTS15RTBGYlZ2QzVVUllRazNmTjEwQjlnbEhrNVo4dFRYM0JmWUljU3BKcDRrYzFpbkdKRGJIOFJfX29OMFFmOUljdlgtQWNmSFdMSFJJWFhjTHI4R0U?oc=5,하,,3,
수출통제,"中, 미쓰비시조선 등 20개 日기업 수출통제…‘관찰 명단’ 20곳도 추가 - 데일리안","中, 미쓰비시조선 등 20개 日기업 수출통제…‘관찰 명단’ 20곳도 추가&nbsp;&nbsp;데일리안","Tue, 24 Feb 2026 11:06:00 GMT",https://news.google.com/rss/articles/CBMiVkFVX3lxTE9DM09SUjdBSVViTXFvd0J4WldRSFB1STd2ajNYMjA5MVNUQ2RuOWxjbnB2OER3a3NHVVc3amNPZGp3aWQxNzhLT0ltRl9jNC1mSWtmel9R0gGGAkFVX3lxTE1vYWtOc21FZE9wUTE5dWdxcXM2ZHhfcTJ1eVNSMDNtUjZ4bE5lSUtNay1lWVV2M0JId2xTaC1TN0U1UzRJVXRfWkpTRUxxdW5oYjd3ZFJRcFhDaFZHLXI0bF91a1RZdC1BcmxfbGc1Y3phQVBWa0luazRBcm5PNENhWEFHanJzRXVvYl9wMHJKbmlQWUFWdnRnbDR4U3daMVp4cndUS3Vjck1SemdMa183cW5hZDdKR2FkX1hlQzI5ME5JQWwwUm5vdmZmcElHNGNLWkVBTHo0OTlTOGJmd3dRVldWTmFZRXhsU1ZRUU45NXpLdHpVb1RjcDBRVW1UTHBLV3EzZVE?oc=5,하,,1,
수출통제,"中, 항공·조선 등 日기업 20곳 수출통제…""재군사화 저지""(종합) - 뉴스1","中, 항공·조선 등 日기업 20곳 수출통제…""재군사화 저지""(종합)&nbsp;&nbsp;뉴스1","Tue, 24 Feb 2026 03:18:16 GMT",https://news.google.com/rss/articles/CBMiXkFVX3lxTE1yTTJRbU1lWERJVXlpYzFlSW9fVnd6cEw1S0liVUpxekpFdnJpNksydDJJOXFXcEttN0w2TUxVTWNqSGxfUGFKaEVURDhqTXZhRWpTSVQ1cEVkQnlKQnc?oc=5,하,,1,
수출통제,"日정부, 中의 자국 기업 수출통제에 ""용인못해…철회 요구"" - 뉴시스","日정부, 中의 자국 기업 수출통제에 ""용인못해…철회 요구""&nbsp;&nbsp;뉴시스","Tue, 24 Feb 2026 08:17:23 GMT",https://news.google.com/rss/articles/CBMiYEFVX3lxTFBSRHZQc0JjMklLc2dOSnltZmFLUHdVZF9qc2JYa0s1MmtVY19ZcEZYODlrTS1GNFVlTlpMcUxiREFuSWdBWDNON1doUzVJMjY0SzNQdE1Xbkx3amZKbnNMSNIBeEFVX3lxTE9DT1Z1aTFDWm15czR3RlV5enROUEJlOVZGaDZQc2RoLTJvUm1hTWhtZlpzZmdRdFhDOHZhZndVNjRKRTVKREdXWVA3TEdFMHl6V254NnJnaDBsQVlDWUpIb3YtOXU4cjFnMnJXRmZKbjlQa3ZhTDJkWg?oc=5,하,,1,
수출통제,中 “日 재군사화 저지”…일본기업 20곳에 희토류 등 수출통제 - 동아일보,中 “日 재군사화 저지”…일본기업 20곳에 희토류 등 수출통제&nbsp;&nbsp;동아일보,"Tue, 24 Feb 2026 08:38:00 GMT",https://news.google.com/rss/articles/CBMic0FVX3lxTFBoYUxCQ1lrSUd2VkZFd1hXZHBselZfRjhwcWNMTGRxV2gzSFd3V2g3WFFLNXhtd0puTnpNeDU5YzhxY0JzQTBaN0NBVnI1cjczYkpkTVk0aEVnNER3NWtEUHBvWWJ3ZzhjU0JOM0FLZlVKYm_SAWZBVV95cUxNaGdQOXhDXzFQXzJ1RUlVTkFkU1RCTDd2Ui1SQmI0Nl8wUF9uVk94dXVLV19hSnhIOHhYLVE2Rlh2RjVVbWhfS044RGNEMEtGMjdocFdJNE52UXV0NXd1blJFN21BN3c?oc=5,하,,1,
수출통제,"中, 일본에 추가 보복 조치‥미쓰비시조선 등 20개 日기업 수출통제 - v.daum.net","中, 일본에 추가 보복 조치‥미쓰비시조선 등 20개 日기업 수출통제&nbsp;&nbsp;v.daum.net","Tue, 24 Feb 2026 07:06:00 GMT",https://news.google.com/rss/articles/CBMiT0FVX3lxTE9SX2podXlxa3JjX1VpTE5XSTVSLTBranJHQkx6ZDNJckoyV2JRMm5qd1g4UzZqWGE0VlpSX3lpMUR4UFB2bXhhMEM4T1pnalk?oc=5,하,,1,
수출통제,"中, 미쓰비시 등 日 기업 20곳 수출통제 - segye.com","中, 미쓰비시 등 日 기업 20곳 수출통제&nbsp;&nbsp;segye.com","Tue, 24 Feb 2026 13:00:00 GMT",https://news.google.com/rss/articles/CBMiWEFVX3lxTE5ybVdtRHlaT21odzVLSE1laHl1SkJ1QVBuWFJfUk1NMEk5TWhpRGdhdF9tc0UxQlQ4bzZNcTVJXzVCT21maG05OUd4RkJtYXBWdDVhd2pXOWTSAVRBVV95cUxNSXJhT2dhMUVsOEtpM081VmpGa0pLZTVWUkhEdGtNYzVvdWoyRWdxOURhOU56TExlLVFPSzJudTdvSWV5NUJjNDJJVTIycEFSZnVvR2o?oc=5,하,,1,
수출통제,"[속보]中 ""미쓰비시조선 등 20개 日기업 대상 수출통제"" - 뉴스1","[속보]中 ""미쓰비시조선 등 20개 日기업 대상 수출통제""&nbsp;&nbsp;뉴스1","Tue, 24 Feb 2026 02:29:14 GMT",https://news.google.com/rss/articles/CBMiXkFVX3lxTFBpLWNoUjd4TjVwSWtVVnJTVHhIUTc2MXRCS21yVmxqd0dFVE9VS1lsTWh0ZnNoOWtRMmszRUpvSzZMbTNUSUc0OTk5SmRuYktxM2JlNkF2YXJSY1QyblE?oc=5,하,,1,
수출통제,"중국, 미쓰비시조선 등 일본 기업 20곳 수출통제 - YTN","중국, 미쓰비시조선 등 일본 기업 20곳 수출통제&nbsp;&nbsp;YTN","Tue, 24 Feb 2026 04:18:00 GMT",https://news.google.com/rss/articles/CBMiXkFVX3lxTE5uZUlMS09pdEQzQ1FRMEZoZDRWd1cwaEZKZGZRTjFYLVRBemFORlZGYW16V0VJRlRZSUdfcHNDTGc2a0IzX29KODd0YkVVSEZ2bm9ZaC1fRDliOGRkZXfSAYMBQVVfeXFMT1AtQ0U0eklTMEpQdWpsRC1Ubk9FRWN1Mk95ZzU4bE4ydkNPTC1hNTNlVll3YnA5YkYxTEIwYlBLQ2xJbldKUDBSWlk0SVI4S0tOX2lDWlJOYlY0bExHbHFPdWFVRV9ubHFuOWxReGxYaUtQYl9xcnBOOEFULTBETk41Nmc?oc=5,하,,2,
수출통제,"中, 미쓰비시조선 등 日기업 20곳 수출통제…""재군사화 저지"" - 뉴스1","中, 미쓰비시조선 등 日기업 20곳 수출통제…""재군사화 저지""&nbsp;&nbsp;뉴스1","Tue, 24 Feb 2026 02:47:55 GMT",https://news.google.com/rss/articles/CBMiXkFVX3lxTE50Ty1aQUxjOVNqb3RGMFNYUlVmS0lMOVdvWmN5MHJZUlMtX3dCUmxrb2hEajBLUTVqX3VPei1tUDZCejh3TFhNclczeUFGaXJsYkx4eWlITFdiU2FRMVE?oc=5,하,,1,
수출통제,"중국, 일본 방산 핵심 20곳 수출통제… 미쓰비시·가와사키 정조준 - dspdaily.com","중국, 일본 방산 핵심 20곳 수출통제… 미쓰비시·가와사키 정조준&nbsp;&nbsp;dspdaily.com","Tue, 24 Feb 2026 11:53:00 GMT",https://news.google.com/rss/articles/CBMiW0FVX3lxTFBqXzZWQ3RDZmNXRTl3bFVub0hsMVRIUWYxcEFIRmN3OTVjWDRaeDJ6UFZzSHl1LVVjNFlQY3hOSHVsMFBsRTEyY3p6ZGI0M3d0YW5ROXRlS0pFWmM?oc=5,하,,2,
수출통제,"中 '이중용도물자' 日수출 통제 강화…日 ""항의"" - 네이트","中 '이중용도물자' 日수출 통제 강화…日 ""항의""&nbsp;&nbsp;네이트","Tue, 24 Feb 2026 14:25:00 GMT",https://news.google.com/rss/articles/CBMiU0FVX3lxTE8tZjhlN0xZWDN2QTA1MldzYnVmNVJjWjVxTkQxZHViTkJ5YXRYMnpLSjY4Z3RvcDFYeENhaU5xdkF4bXQ5SDZXMHFPWWthTXpTZlpF?oc=5,하,,1,
무역구제,"산업부, 日·中 열연 28.16%~33.43% 반덤핑관세 부과…가격약속 수락 - 페로타임즈","산업부, 日·中 열연 28.16%~33.43% 반덤핑관세 부과…가격약속 수락&nbsp;&nbsp;페로타임즈","Tue, 24 Feb 2026 05:30:17 GMT",https://news.google.com/rss/articles/CBMibEFVX3lxTFAtR0Y4d2hiTUo3MzlMbklTY3NUVkMyWW5JaXF2VWFYUWpxcDl5YjNwdTkzVFpsZVRRVWpIY0RfbGVsamxtaGhSR2hEYjBBT0xJcnpDQ1VFOW1ZYWQzMHFHRVVaZHFXMU5nMU9YdQ?oc=5,하,,5,
무역구제,"美 상무부, 인도·인니·라오스 태양광 상계관세 예비판정…한화큐셀 영향은? - 임팩트온","美 상무부, 인도·인니·라오스 태양광 상계관세 예비판정…한화큐셀 영향은?&nbsp;&nbsp;임팩트온","Tue, 24 Feb 2026 13:12:22 GMT",https://news.google.com/rss/articles/CBMiaEFVX3lxTE1zd2hsVzZBYWRTU09wa3BFb01KT0E4bVZLT0hTckNIdEpqQUpXb2Z2QU1hMENtNWdoTERWTkxBenFwQmlNeEhCd1lFYTNQUWcyT05oTW1OS1Q1T2xjdW5mZVBwbktnZG5T?oc=5,하,,6,
무역구제,"정부, 일본ㆍ중국산 열연강판 반덤핑 관세 '부과' - 세이프머니","정부, 일본ㆍ중국산 열연강판 반덤핑 관세 '부과'&nbsp;&nbsp;세이프머니","Tue, 24 Feb 2026 06:11:00 GMT",https://news.google.com/rss/articles/CBMibkFVX3lxTE1iTm03bGJDZUE2QW5ETzRrZ09weGhkazZUNXVTYWs1Y2o1elFWNGNoT1JsWnBDNUtWVXJyd0Z3czdiVnM3Q2pkVE13V1ZZcnZnN3h6YXlSQWx4aTRVdG9YZ0g3Wks5a3NiTE4yWERB?oc=5,하,,6,
